step,accuracy_1,loss_1,accuracy_2,loss_2,accuracy_3,loss_3
10,0.289999992,2.70223999,0.649999976,1.037712693,0.319999993,414933.5625
20,0.360000014,2.456646204,0.860000014,0.488887697,0.819999993,9371.302734
30,0.360000014,1.918020487,0.819999993,0.486451,0.689999998,7800.253906
40,0.439999998,1.850787997,0.810000002,0.499357343,0.879999995,3636.524902
50,0.310000002,2.560027838,0.889999986,0.357731134,0.829999983,6137.57666
60,0.270000011,2.23311305,0.860000014,0.354321748,0.800000012,2865.280518
70,0.289999992,2.003933668,0.910000026,0.266690344,0.860000014,4573.881348
80,0.25999999,2.010430813,0.889999986,0.317698091,0.910000026,1375.658691
90,0.180000007,2.180598497,0.959999979,0.204234168,0.930000007,998.3192749
100,0.159999996,2.054434061,0.949999988,0.278348684,0.860000014,2089.147705
110,0.25999999,2.033705711,0.949999988,0.27226907,0.899999976,862.5116577
120,0.209999993,2.052183867,0.970000029,0.154735312,0.870000005,4182.018066
130,0.230000004,1.941300392,0.889999986,0.202596799,0.899999976,819.6152954
140,0.209999993,1.892457485,0.899999976,0.153048292,0.839999974,472.5655518
150,0.310000002,1.680511832,0.949999988,0.1625285,0.899999976,742.6721191
160,0.289999992,1.880272627,0.980000019,0.147740483,0.899999976,1831.834229
170,0.25,1.91400373,0.959999979,0.15807882,0.899999976,1220.344971
180,0.360000014,1.762532711,0.980000019,0.101497062,0.879999995,2666.318115
190,0.409999996,1.554344654,0.959999979,0.120708793,0.910000026,1953.200317
200,0.529999971,1.551879287,0.99000001,0.086011752,0.879999995,1196.756958
210,0.400000006,1.72391665,0.980000019,0.083301887,0.879999995,1616.304321
220,0.360000014,1.545957923,0.970000029,0.099427231,0.910000026,1342.901855
230,0.270000011,1.76207459,0.980000019,0.075859264,0.899999976,1790.02002
240,0.479999989,1.486517787,0.980000019,0.134463802,0.850000024,1025.604858
250,0.439999998,1.628286719,0.949999988,0.156994805,0.889999986,2457.676025
260,0.569999993,1.300393701,0.930000007,0.159297377,0.870000005,772.5209351
270,0.560000002,1.417376518,0.949999988,0.114458062,0.939999998,759.3768921
280,0.579999983,1.341185093,0.99000001,0.065821648,0.920000017,1106.019897
290,0.589999974,1.150824785,0.99000001,0.107538074,0.889999986,585.0319824
300,0.519999981,1.302909851,0.99000001,0.075820997,0.910000026,805.8616943
310,0.519999981,1.35230422,0.939999998,0.283520907,0.899999976,1518.108154
320,0.660000026,1.181912899,0.970000029,0.136440068,0.889999986,1418.13623
330,0.430000007,1.399960279,0.99000001,0.107159823,0.939999998,609.2293091
340,0.449999988,1.249676108,0.99000001,0.067763798,0.930000007,391.5213623
350,0.460000008,1.307348013,0.970000029,0.155638456,0.889999986,743.4562378
360,0.430000007,1.556216717,0.970000029,0.159860462,0.939999998,479.4626465
370,0.529999971,1.140491128,0.99000001,0.028832633,0.899999976,328.1463623
380,0.680000007,0.901832044,0.959999979,0.167266086,0.949999988,669.4309082
390,0.589999974,1.201783061,0.959999979,0.113729268,0.910000026,1334.234253
400,0.620000005,1.042814016,0.970000029,0.141034514,0.860000014,433.6657715
410,0.670000017,1.007152081,0.99000001,0.088200919,0.949999988,172.7500916
420,0.620000005,0.92451781,0.959999979,0.132474095,0.910000026,318.0446777
430,0.660000026,1.059592843,0.959999979,0.080090001,0.889999986,413.196106
440,0.639999986,1.177947879,0.970000029,0.121798821,0.920000017,86.49521637
450,0.50999999,1.10598588,0.99000001,0.089591399,0.980000019,102.0211029
460,0.660000026,1.098906517,0.980000019,0.22936444,0.920000017,596.9955444
470,0.610000014,1.083637834,0.970000029,0.089033253,0.930000007,146.2485809
480,0.689999998,1.033770084,0.980000019,0.102152117,0.899999976,465.7304688
490,0.649999976,1.037516475,0.980000019,0.075691365,0.899999976,735.1936035
500,0.660000026,1.030848742,0.980000019,0.058409099,0.899999976,199.4403076
510,0.660000026,1.054398298,0.980000019,0.087689705,0.939999998,364.3982849
520,0.620000005,1.032929778,0.959999979,0.132281065,0.870000005,1084.276733
530,0.660000026,1.001446009,0.980000019,0.113947004,0.879999995,561.1997681
540,0.600000024,1.002955675,0.980000019,0.079253741,0.939999998,151.3678131
550,0.689999998,1.032644033,0.980000019,0.091472276,0.959999979,216.0984344
560,0.610000014,1.146137357,0.980000019,0.049567893,0.959999979,355.4986572
570,0.600000024,1.246729732,1,0.050006241,0.939999998,1274.392212
580,0.600000024,0.956941962,0.970000029,0.162102446,0.959999979,333.8267822
590,0.670000017,1.061434627,1,0.0369795,0.939999998,383.8707886
600,0.620000005,1.010005713,0.980000019,0.024791077,0.899999976,306.4406128
610,0.649999976,0.96714592,0.99000001,0.054758698,0.920000017,233.1428833
620,0.620000005,0.965755105,1,0.056569979,0.910000026,194.3681488
630,0.649999976,1.105810165,0.980000019,0.061188132,0.910000026,461.2104187
640,0.699999988,1.01252985,0.99000001,0.04483065,0.930000007,361.0899353
650,0.680000007,0.971293807,0.959999979,0.079327248,0.939999998,552.638855
660,0.589999974,1.042621732,0.980000019,0.100184411,0.939999998,258.1581726
670,0.680000007,0.949658573,0.99000001,0.045987438,0.939999998,36.0745697
680,0.75,1.035946608,0.980000019,0.063383266,0.949999988,399.6934814
690,0.75,0.869810879,0.99000001,0.023491006,0.910000026,466.3001709
700,0.670000017,0.690427721,1,0.028363476,0.920000017,353.3902588
710,0.709999979,0.874986053,1,0.060695227,0.949999988,120.7007065
720,0.600000024,1.026789546,0.99000001,0.056342978,0.930000007,232.9115753
730,0.600000024,0.92113477,0.970000029,0.058103167,0.930000007,252.3666534
740,0.779999971,0.771784663,0.99000001,0.056874905,0.949999988,216.8638306
750,0.769999981,0.711195767,0.980000019,0.105454095,0.959999979,181.3294067
760,0.680000007,0.97128731,0.99000001,0.113658778,0.959999979,128.9973907
770,0.670000017,0.819902241,0.99000001,0.112028569,0.930000007,247.0017242
780,0.800000012,0.791474164,1,0.027408833,0.970000029,69.09405518
790,0.819999993,0.693448007,0.99000001,0.054031115,0.949999988,54.17028427
800,0.74000001,0.960677028,1,0.043614931,0.959999979,304.6505127
810,0.790000021,0.71138525,0.980000019,0.07074862,0.889999986,247.1827698
820,0.689999998,0.77845031,0.959999979,0.085058756,0.910000026,224.5627899
830,0.75999999,0.742157757,1,0.037406601,0.910000026,302.7169189
840,0.649999976,0.973707557,0.980000019,0.046542589,0.889999986,653.8952637
850,0.649999976,0.946781754,1,0.026123973,0.949999988,59.94022369
860,0.689999998,0.8662467,0.99000001,0.061767291,0.930000007,226.1379242
870,0.689999998,0.93941164,0.970000029,0.085499875,0.939999998,130.3356476
880,0.779999971,0.63364929,0.970000029,0.072796762,0.889999986,278.1107788
890,0.75,0.91392982,1,0.058032751,0.920000017,253.3635559
900,0.74000001,0.899962604,1,0.046973914,0.899999976,271.4928589
910,0.709999979,1.062981606,1,0.056473847,0.949999988,155.4803314
920,0.680000007,0.911076367,0.980000019,0.072671764,0.939999998,291.8880005
930,0.790000021,0.688704133,0.99000001,0.10440854,0.879999995,352.1744385
940,0.699999988,0.766378045,0.99000001,0.059008826,0.949999988,341.901062
950,0.74000001,0.729232192,0.99000001,0.052304763,0.939999998,267.8439331
960,0.75,0.93726331,0.99000001,0.023828799,0.939999998,363.250824
970,0.75999999,0.848711789,1,0.034386307,0.949999988,184.3972778
980,0.75999999,0.565738797,0.949999988,0.053498205,0.949999988,137.8997498
990,0.670000017,0.678228319,0.980000019,0.073028922,0.899999976,155.4880524
1000,0.769999981,0.727849662,1,0.030699659,0.930000007,203.2516174
1010,0.709999979,0.775109529,0.99000001,0.049944248,0.939999998,234.6933594
1020,0.75999999,0.6403476,0.970000029,0.052708078,0.930000007,227.9391479
1030,0.74000001,0.496569753,0.980000019,0.028034721,0.870000005,483.6615601
1040,0.74000001,0.637344599,1,0.042893048,0.959999979,202.1571503
1050,0.810000002,0.726673067,1,0.040601969,0.920000017,264.2277222
1060,0.680000007,0.708311081,0.980000019,0.068830706,0.879999995,317.4530029
1070,0.800000012,0.610495031,0.99000001,0.051997017,0.939999998,161.0801239
1080,0.800000012,0.57150799,1,0.029238082,0.920000017,187.5134735
1090,0.709999979,0.737643719,1,0.044375625,0.959999979,273.144104
1100,0.790000021,0.736171186,0.980000019,0.065316819,0.949999988,132.2385559
1110,0.810000002,0.572090328,0.99000001,0.046622254,0.939999998,52.49939346
1120,0.779999971,0.711634517,0.99000001,0.109278157,0.920000017,553.5786133
1130,0.75999999,0.723834395,0.99000001,0.127114981,0.970000029,61.98686981
1140,0.74000001,0.572993457,1,0.039487857,0.959999979,107.6923599
1150,0.819999993,0.716366827,0.99000001,0.026224194,0.930000007,62.68551636
1160,0.810000002,0.563679516,0.980000019,0.125208661,0.959999979,176.0142059
1170,0.839999974,0.651015162,1,0.036709208,0.959999979,277.8068542
1180,0.829999983,0.631340921,0.99000001,0.050178651,0.920000017,327.3443604
1190,0.769999981,0.518205225,0.980000019,0.054546185,0.930000007,141.0550385
1200,0.769999981,0.725939989,0.99000001,0.061566494,0.959999979,42.24705887
1210,0.779999971,0.730415046,0.980000019,0.041270237,0.959999979,190.6148834
1220,0.769999981,0.664673209,0.99000001,0.02992573,0.949999988,134.7194672
1230,0.870000005,0.505633175,1,0.024219751,0.939999998,92.94107056
1240,0.689999998,0.893983603,0.980000019,0.047093727,0.980000019,35.65335083
1250,0.720000029,0.863638937,1,0.01536948,0.970000029,187.1226807
1260,0.730000019,0.676789463,1,0.026068568,0.930000007,95.0632019
1270,0.779999971,0.612291038,0.99000001,0.040263414,0.920000017,81.2543335
1280,0.829999983,0.497104198,0.980000019,0.049668089,0.910000026,373.0310059
1290,0.839999974,0.606409848,0.99000001,0.034548774,0.949999988,92.4286499
1300,0.790000021,0.442827612,0.99000001,0.070163071,0.970000029,66.51857758
1310,0.819999993,0.692411721,1,0.033869576,0.920000017,149.8436127
1320,0.74000001,0.75045085,0.99000001,0.034950908,0.949999988,203.4393005
1330,0.810000002,0.666436315,0.970000029,0.065219291,0.959999979,103.0307388
1340,0.779999971,0.649770677,0.980000019,0.039085105,0.949999988,59.57932281
1350,0.720000029,0.63577795,0.99000001,0.056228518,0.920000017,107.0373535
1360,0.850000024,0.53194958,0.99000001,0.033357002,0.930000007,389.7130432
1370,0.839999974,0.478865355,0.99000001,0.065110095,0.939999998,116.7327347
1380,0.850000024,0.595858097,0.99000001,0.031238766,0.920000017,164.7353668
1390,0.75999999,0.717416406,1,0.036662422,0.930000007,203.7787476
1400,0.75,0.495895773,1,0.032476734,0.920000017,206.4439087
1410,0.790000021,0.510660231,0.99000001,0.037324578,0.949999988,34.3605957
1420,0.810000002,0.443935782,0.980000019,0.082668543,0.930000007,89.81301117
1430,0.819999993,0.52681154,1,0.05034944,0.939999998,89.54336548
1440,0.899999976,0.377929181,1,0.02845587,0.99000001,86.92321014
1450,0.850000024,0.484360278,1,0.014226629,0.949999988,89.6702652
1460,0.790000021,0.664029896,1,0.02771139,0.949999988,87.41314697
1470,0.829999983,0.489309311,0.980000019,0.036722034,0.959999979,164.249176
1480,0.879999995,0.481637716,1,0.016012112,0.930000007,114.7908096
1490,0.829999983,0.508947611,0.980000019,0.070310414,0.949999988,222.7427521
1500,0.800000012,0.60509938,0.99000001,0.050640263,0.920000017,263.8274231
1510,0.75999999,0.697761238,1,0.01156458,0.970000029,216.8525391
1520,0.720000029,0.777537405,0.99000001,0.016858863,0.939999998,76.58495331
1530,0.810000002,0.519466519,0.99000001,0.039220575,0.970000029,139.2373657
1540,0.790000021,0.76102221,1,0.068608053,0.879999995,252.8080902
1550,0.790000021,0.67880255,0.980000019,0.032261994,0.970000029,138.9206085
1560,0.829999983,0.393212765,0.970000029,0.064827777,0.910000026,115.2733231
1570,0.870000005,0.485129386,1,0.020746643,0.939999998,191.1116333
1580,0.769999981,0.605099916,1,0.051584657,0.930000007,123.3408432
1590,0.839999974,0.566640019,1,0.01704644,0.980000019,135.0459595
1600,0.819999993,0.537733257,0.99000001,0.047207724,0.959999979,73.56224823
1610,0.790000021,0.67230469,0.99000001,0.07517039,0.949999988,110.505722
1620,0.800000012,0.496139407,0.949999988,0.108425729,0.939999998,152.5710907
1630,0.850000024,0.618128061,0.99000001,0.029018292,0.920000017,180.9887085
1640,0.879999995,0.635404944,1,0.037051044,0.879999995,502.4977722
1650,0.860000014,0.483928502,1,0.035577599,0.970000029,37.41497421
1660,0.800000012,0.438087612,1,0.033733506,0.959999979,90.87882996
1670,0.800000012,0.538649559,1,0.051713716,0.930000007,238.2394562
1680,0.800000012,0.405781567,0.99000001,0.04973153,0.959999979,38.3542099
1690,0.850000024,0.563252807,1,0.01815364,0.939999998,97.04548645
1700,0.790000021,0.413786858,1,0.04583228,0.939999998,157.7969208
1710,0.860000014,0.514231443,0.980000019,0.082498409,0.959999979,71.77218628
1720,0.75,0.571207821,0.970000029,0.048385434,0.980000019,15.29943371
1730,0.829999983,0.618507624,1,0.016036896,0.939999998,143.2328949
1740,0.850000024,0.545995355,0.99000001,0.036129676,0.949999988,264.5906982
1750,0.769999981,0.651724577,1,0.065115154,0.939999998,123.3345032
1760,0.769999981,0.623436391,1,0.020983942,0.949999988,16.84491539
1770,0.839999974,0.704736769,0.959999979,0.07831417,0.959999979,84.29203033
1780,0.819999993,0.56953311,1,0.014034837,0.939999998,140.2323608
1790,0.829999983,0.468899548,0.99000001,0.014087325,0.930000007,303.0982666
1800,0.899999976,0.425217628,1,0.026049597,0.939999998,203.9924469
1810,0.800000012,0.637707949,0.99000001,0.041206218,0.899999976,126.2283173
1820,0.800000012,0.370353699,1,0.027430158,0.99000001,0
1830,0.819999993,0.403420836,1,0.016116286,0.949999988,58.88628769
1840,0.889999986,0.610942781,1,0.041421652,0.899999976,272.2257385
1850,0.860000014,0.460580945,1,0.025673907,0.959999979,159.9601898
1860,0.860000014,0.543800116,0.980000019,0.049090311,0.949999988,244.3752289
1870,0.819999993,0.633890867,1,0.016641948,0.980000019,33.90375137
1880,0.879999995,0.390170097,1,0.061792556,0.959999979,97.2178421
1890,0.850000024,0.468059152,0.99000001,0.023014866,0.959999979,181.3312836
1900,0.860000014,0.493534118,1,0.01639816,0.939999998,102.4146271
1910,0.779999971,0.585216582,1,0.030688131,0.949999988,29.2013092
1920,0.860000014,0.332033575,0.99000001,0.043006964,0.920000017,173.7038727
1930,0.790000021,0.458006054,1,0.05433825,0.939999998,159.5660095
1940,0.889999986,0.357647121,1,0.045665551,0.959999979,166.3887939
1950,0.870000005,0.523552656,1,0.055538889,0.949999988,48.64489365
1960,0.800000012,0.594734013,0.99000001,0.040298916,0.980000019,60.04766464
1970,0.870000005,0.409600407,0.970000029,0.068074517,0.980000019,115.3982391
1980,0.800000012,0.519595921,1,0.055559088,0.949999988,136.43927
1990,0.75999999,0.521246195,0.980000019,0.054115761,0.939999998,44.9301796
2000,0.870000005,0.533146381,0.99000001,0.025912793,0.939999998,279.2278137
2010,0.889999986,0.523625433,0.99000001,0.048611414,0.930000007,146.8507996
2020,0.860000014,0.491079748,1,0.016462641,0.949999988,104.8722687
2030,0.819999993,0.44366166,0.980000019,0.057186365,0.949999988,86.53574371
2040,0.839999974,0.518735588,1,0.050866727,0.949999988,195.4614716
2050,0.829999983,0.51439023,0.99000001,0.016296927,0.910000026,235.4528198
2060,0.870000005,0.414627343,0.99000001,0.047061566,0.939999998,138.4998627
2070,0.819999993,0.512738407,1,0.020354087,0.949999988,112.7689362
2080,0.800000012,0.505389273,1,0.010145205,0.939999998,179.8887482
2090,0.879999995,0.450598001,0.980000019,0.028061517,0.939999998,322.6940308
2100,0.769999981,0.521810949,1,0.01954589,0.930000007,125.298317
2110,0.899999976,0.415571928,0.980000019,0.035441019,0.920000017,302.2125854
2120,0.810000002,0.66811341,0.980000019,0.082116887,1,45.014328
2130,0.839999974,0.453174502,0.980000019,0.018878028,0.959999979,5.386048794
2140,0.899999976,0.435397148,0.99000001,0.047019053,0.939999998,69.48109436
2150,0.899999976,0.563404322,1,0.006272914,0.970000029,57.46525574
2160,0.870000005,0.481633753,0.99000001,0.090303615,0.949999988,34.44940567
2170,0.810000002,0.431667566,0.99000001,0.029726282,0.920000017,105.9542465
2180,0.75999999,0.509915292,1,0.033066038,0.949999988,64.28852844
2190,0.819999993,0.53867662,0.99000001,0.037315894,0.949999988,11.47253036
2200,0.870000005,0.320027351,0.99000001,0.042141695,0.970000029,222.5429688
2210,0.839999974,0.444933712,1,0.014492551,0.920000017,70.71779633
2220,0.839999974,0.444817841,0.99000001,0.008937903,0.939999998,184.9754333
2230,0.850000024,0.57682842,0.99000001,0.060293995,0.959999979,23.89252853
2240,0.920000017,0.402792573,1,0.016304275,0.959999979,4.709433556
2250,0.839999974,0.447093934,0.99000001,0.014676772,0.959999979,30.40962982
2260,0.850000024,0.740203381,0.99000001,0.054932099,0.949999988,178.5905609
2270,0.829999983,0.595218182,1,0.02228608,0.959999979,84.18325806
2280,0.819999993,0.462694019,1,0.013814389,0.949999988,107.960495
2290,0.899999976,0.360977471,1,0.020051001,0.959999979,165.932312
2300,0.850000024,0.615974247,1,0.011482138,0.939999998,119.4050293
2310,0.819999993,0.465419352,0.99000001,0.045226861,0.930000007,167.8420715
2320,0.779999971,0.62851721,1,0.008673694,0.920000017,152.8959808
2330,0.829999983,0.410793215,1,0.021149032,0.970000029,24.82341957
2340,0.819999993,0.415489435,0.980000019,0.025313677,0.959999979,105.3393936
2350,0.829999983,0.525432467,0.980000019,0.016825115,1,14.37005901
2360,0.860000014,0.500276089,1,0.014001801,0.980000019,41.13909149
2370,0.839999974,0.341154784,1,0.032769617,0.980000019,26.08547783
2380,0.779999971,0.489116967,1,0.026790842,0.949999988,81.8102951
2390,0.839999974,0.507709146,0.99000001,0.016438777,0.920000017,144.8915253
2400,0.850000024,0.485765427,0.99000001,0.036515709,0.99000001,12.30154991
2410,0.899999976,0.347311705,1,0.046170186,0.889999986,181.156189
2420,0.850000024,0.434137225,1,0.011196546,0.959999979,24.38900375
2430,0.839999974,0.399315804,1,0.032356068,0.920000017,48.71878433
2440,0.839999974,0.444449544,1,0.029475436,0.970000029,76.8633728
2450,0.879999995,0.460947752,1,0.053905349,0.939999998,151.5295258
2460,0.860000014,0.525340259,1,0.027810078,0.959999979,131.4707642
2470,0.850000024,0.524388015,1,0.013815365,0.910000026,93.26811218
2480,0.870000005,0.391451865,1,0.022898052,0.920000017,185.2355042
2490,0.879999995,0.361780524,1,0.034218393,0.930000007,215.3314972
2500,0.829999983,0.383105516,0.99000001,0.037309766,0.970000029,90.73148346
2510,0.839999974,0.342648119,0.99000001,0.02107339,0.939999998,85.31125641
2520,0.920000017,0.405777395,1,0.003683673,1,12.44209194
2530,0.879999995,0.349636942,1,0.02407798,0.959999979,42.6159668
2540,0.810000002,0.380338013,0.970000029,0.029328868,0.959999979,303.1984253
2550,0.860000014,0.434560359,0.99000001,0.04221838,0.970000029,54.64744949
2560,0.879999995,0.327810466,0.980000019,0.037575666,0.920000017,142.8944397
2570,0.889999986,0.340106934,0.99000001,0.039037634,0.980000019,0.151355594
2580,0.910000026,0.451691866,1,0.030085079,0.980000019,20.72885323
2590,0.860000014,0.528145075,0.99000001,0.017816681,0.980000019,47.6098175
2600,0.860000014,0.443753749,1,0.012019711,0.939999998,66.93309784
2610,0.829999983,0.454947561,0.980000019,0.009121964,0.920000017,93.73031616
2620,0.860000014,0.32323426,1,0.022267617,0.930000007,215.1237488
2630,0.810000002,0.506467462,1,0.034179512,0.920000017,153.1500244
2640,0.910000026,0.375269294,0.99000001,0.018137194,0.959999979,8.296965599
2650,0.810000002,0.475536764,0.970000029,0.054679755,0.910000026,62.350811
2660,0.860000014,0.398750395,0.99000001,0.013944433,0.959999979,55.45528412
2670,0.879999995,0.341103554,0.99000001,0.118756764,0.959999979,47.89738846
2680,0.819999993,0.505140543,1,0.013347395,0.959999979,49.57258606
2690,0.879999995,0.483684033,1,0.022466308,0.959999979,38.03885651
2700,0.899999976,0.4386805,0.99000001,0.060686473,0.949999988,44.16029739
2710,0.779999971,0.628653526,1,0.022373317,0.930000007,104.0183105
2720,0.810000002,0.459544957,1,0.032840203,0.980000019,36.27446365
2730,0.899999976,0.329777718,0.980000019,0.037818037,0.949999988,54.29359436
2740,0.819999993,0.808962643,0.99000001,0.034345232,0.970000029,72.19636536
2750,0.839999974,0.56638968,1,0.016958384,0.930000007,254.8224945
2760,0.860000014,0.505033135,1,0.019724542,0.920000017,113.4850311
2770,0.839999974,0.410341561,1,0.013160245,0.970000029,132.8714142
2780,0.860000014,0.587615848,0.99000001,0.024715455,0.920000017,112.1278152
2790,0.860000014,0.326318026,0.99000001,0.059153385,0.949999988,89.96741486
2800,0.860000014,0.502115846,1,0.014402782,0.980000019,17.86681747
2810,0.860000014,0.491091728,0.99000001,0.04765822,0.930000007,84.93564606
2820,0.870000005,0.451945156,1,0.047063902,0.939999998,127.812645
2830,0.870000005,0.351505369,0.99000001,0.034080621,0.879999995,276.7572327
2840,0.860000014,0.415936351,1,0.032153025,0.99000001,42.12657166
2850,0.860000014,0.47922647,0.99000001,0.026040586,0.959999979,43.03092194
2860,0.879999995,0.332156539,1,0.016696161,0.959999979,111.2430954
2870,0.829999983,0.545773268,0.980000019,0.015316259,0.949999988,32.98221588
2880,0.829999983,0.352188349,0.99000001,0.061246052,0.99000001,154.1694946
2890,0.850000024,0.481369525,1,0.017913276,0.959999979,137.9084625
2900,0.910000026,0.322938412,0.99000001,0.016232502,0.959999979,23.80786705
2910,0.879999995,0.318494856,1,0.012734508,0.99000001,18.81275368
2920,0.879999995,0.499507934,0.99000001,0.020780655,0.959999979,4.478378773
2930,0.910000026,0.468144149,0.980000019,0.025271226,0.980000019,0
2940,0.870000005,0.564245284,1,0.006812066,0.980000019,181.8004303
2950,0.910000026,0.286439925,1,0.014326552,0.949999988,44.74161148
2960,0.860000014,0.527766585,1,0.022891371,0.949999988,8.601337433
2970,0.879999995,0.675174892,0.99000001,0.029829577,0.949999988,64.4974823
2980,0.829999983,0.458300233,0.970000029,0.054574803,0.930000007,120.2680664
2990,0.839999974,0.398998857,1,0.017573638,0.930000007,108.6631088
3000,0.790000021,0.624663174,0.99000001,0.039513625,0.959999979,60.38721848
3010,0.800000012,0.528289437,0.970000029,0.027984358,0.99000001,149.697464
3020,0.810000002,0.643336952,0.99000001,0.035136417,0.970000029,38.43787003
3030,0.879999995,0.31793049,0.99000001,0.013282026,0.980000019,66.48236084
3040,0.850000024,0.328291476,1,0.013155086,0.99000001,18.96708488
3050,0.899999976,0.323596001,0.99000001,0.022853572,0.980000019,22.3005619
3060,0.870000005,0.487356544,0.980000019,0.028435443,0.949999988,14.60065174
3070,0.810000002,0.493073106,0.980000019,0.023697017,0.970000029,82.62124634
3080,0.829999983,0.397365063,0.99000001,0.018087205,0.99000001,0
3090,0.949999988,0.348192781,1,0.016309779,0.980000019,33.98836899
3100,0.889999986,0.508708894,1,0.00750801,0.899999976,201.9023438
3110,0.860000014,0.393490255,1,0.059367549,0.970000029,77.6704483
3120,0.860000014,0.398163766,0.99000001,0.037222102,0.959999979,8.647626877
3130,0.910000026,0.411281198,1,0.01734373,0.939999998,127.6975403
3140,0.899999976,0.48639524,0.99000001,0.039528638,0.939999998,41.99250793
3150,0.839999974,0.498141795,0.99000001,0.010809972,0.930000007,46.16890717
3160,0.839999974,0.481988072,1,0.02040014,0.949999988,71.86976624
3170,0.829999983,0.651103795,1,0.008899938,0.980000019,127.7708511
3180,0.879999995,0.399331599,0.99000001,0.041199788,0.910000026,71.27603912
3190,0.860000014,0.432958782,1,0.014985731,0.959999979,18.09253502
3200,0.829999983,0.396119267,1,0.029133158,0.939999998,73.16072083
3210,0.819999993,0.681408167,0.970000029,0.054135431,0.959999979,111.5988693
3220,0.850000024,0.442216307,0.970000029,0.020499049,0.99000001,157.1763611
3230,0.819999993,0.604600787,1,0.023192354,0.949999988,57.61103439
3240,0.860000014,0.570694327,1,0.015778339,0.949999988,130.7121429
3250,0.930000007,0.355704218,0.980000019,0.160672486,0.920000017,9.295014381
3260,0.850000024,0.457366854,0.99000001,0.026942661,0.970000029,29.63281822
3270,0.879999995,0.37073493,0.970000029,0.099426463,0.99000001,59.21843719
3280,0.920000017,0.423216134,0.99000001,0.019511735,0.939999998,42.71351624
3290,0.879999995,0.349319071,1,0.047763232,0.939999998,55.19066238
3300,0.860000014,0.386762798,0.980000019,0.041637663,0.920000017,46.42559052
3310,0.879999995,0.349975765,0.99000001,0.024006145,0.959999979,46.62181473
3320,0.930000007,0.29343608,1,0.009261713,0.959999979,94.89025116
3330,0.810000002,0.586180866,0.99000001,0.019219792,0.949999988,61.63115692
3340,0.889999986,0.293584317,1,0.037525192,0.930000007,161.7947083
3350,0.870000005,0.409745514,1,0.016746812,0.959999979,58.76525497
3360,0.860000014,0.462653846,0.99000001,0.010184849,0.959999979,38.2428894
3370,0.870000005,0.420393795,1,0.03090493,0.920000017,110.6293335
3380,0.860000014,0.432111859,1,0.01060205,0.959999979,95.07115173
3390,0.829999983,0.597270489,0.980000019,0.010037167,0.949999988,51.06835938
3400,0.850000024,0.380191565,1,0.003499687,0.949999988,73.77287292
3410,0.860000014,0.361071497,1,0.020274537,0.980000019,21.29673767
3420,0.889999986,0.355859607,0.980000019,0.056733187,0.949999988,1.54778564
3430,0.920000017,0.348210514,1,0.016451674,0.939999998,32.37468338
3440,0.860000014,0.369662046,1,0.033529267,0.959999979,46.9101181
3450,0.850000024,0.469478458,0.99000001,0.049358595,0.980000019,79.68679047
3460,0.860000014,0.369882345,0.980000019,0.046016824,0.959999979,21.8092804
3470,0.819999993,0.472066641,1,0.005255288,0.949999988,45.1541214
3480,0.889999986,0.299932599,0.99000001,0.027178297,0.910000026,195.4387512
3490,0.889999986,0.567514658,1,0.041803617,0.949999988,13.12544918
3500,0.920000017,0.356882334,1,0.006681466,0.949999988,39.16062927
3510,0.899999976,0.407852441,0.99000001,0.036500305,0.939999998,23.42025948
3520,0.910000026,0.454281032,1,0.023248801,0.949999988,51.33176804
3530,0.850000024,0.474294007,1,0.019560469,0.930000007,74.09819031
3540,0.850000024,0.303103149,1,0.041341607,0.930000007,78.06177521
3550,0.930000007,0.286457837,0.99000001,0.033326589,0.939999998,11.67473125
3560,0.860000014,0.342093378,1,0.008840567,0.980000019,178.4117737
3570,0.810000002,0.481287688,1,0.009059494,0.99000001,122.4645538
3580,0.800000012,0.622834325,1,0.025140492,0.970000029,43.88775253
3590,0.850000024,0.531022429,0.980000019,0.035483066,0.959999979,65.97863007
3600,0.839999974,0.350476712,1,0.008604934,0.899999976,120.573349
3610,0.910000026,0.449240685,1,0.025274606,0.980000019,12.59064484
3620,0.939999998,0.357969016,0.99000001,0.039349988,0.939999998,61.33834839
3630,0.879999995,0.425360948,1,0.025991518,0.939999998,44.28506851
3640,0.899999976,0.383974314,0.99000001,0.025797088,0.970000029,79.52996063
3650,0.889999986,0.454886317,1,0.036236972,0.949999988,24.35451889
3660,0.819999993,0.499902576,1,0.00642256,0.970000029,53.12611771
3670,0.870000005,0.368106663,1,0.015628362,0.939999998,30.91041565
3680,0.930000007,0.39241749,0.99000001,0.029158875,0.970000029,55.10276413
3690,0.870000005,0.389192283,1,0.03194553,0.939999998,40.84993744
3700,0.829999983,0.362086743,0.99000001,0.0073187,0.99000001,2.805527449
3710,0.839999974,0.598240197,1,0.027815035,0.930000007,230.1692352
3720,0.860000014,0.459706664,0.980000019,0.009906863,0.99000001,9.228689194
3730,0.800000012,0.74562782,0.99000001,0.010990491,0.970000029,28.47097588
3740,0.870000005,0.493523568,1,0.014012001,0.949999988,138.4012451
3750,0.879999995,0.489142299,1,0.018262664,0.980000019,18.30574608
3760,0.899999976,0.369939417,0.99000001,0.00953734,0.949999988,211.0272217
3770,0.850000024,0.322295457,0.980000019,0.007100835,0.959999979,99.11323547
3780,0.889999986,0.384160131,1,0.02836775,0.980000019,60.20076752
3790,0.870000005,0.416853905,0.959999979,0.074908517,0.980000019,29.92090988
3800,0.870000005,0.528467715,1,0.00696309,0.980000019,28.70646477
3810,0.829999983,0.672828734,1,0.017978298,0.939999998,33.06077576
3820,0.879999995,0.32212466,1,0.036206353,0.959999979,55.42345047
3830,0.860000014,0.341538399,0.980000019,0.018958597,0.99000001,59.48839951
3840,0.910000026,0.487007439,0.99000001,0.040575724,0.970000029,14.35607147
3850,0.889999986,0.379663348,0.970000029,0.014830419,0.970000029,35.93990326
3860,0.850000024,0.422036976,1,0.010453786,0.980000019,140.3400574
3870,0.860000014,0.466829866,0.99000001,0.015255533,0.949999988,97.31752777
3880,0.850000024,0.420158625,1,0.030461989,0.980000019,28.07833481
3890,0.899999976,0.33296594,1,0.014426047,0.949999988,44.79833603
3900,0.889999986,0.348745048,0.980000019,0.018955806,0.99000001,27.60894966
3910,0.920000017,0.356621325,1,0.035860587,0.949999988,8.692954063
3920,0.850000024,0.600872219,0.99000001,0.006960206,0.970000029,30.57795334
3930,0.879999995,0.49868983,1,0.012979672,0.949999988,11.90688992
3940,0.899999976,0.382287472,0.99000001,0.013495689,0.939999998,43.52375031
3950,0.839999974,0.318072498,1,0.005273709,0.959999979,133.0570679
3960,0.829999983,0.420444071,1,0.014817953,0.959999979,34.06068802
3970,0.889999986,0.289491028,1,0.014912805,0.920000017,69.30464172
3980,0.779999971,0.552141845,0.99000001,0.017595021,0.970000029,82.73355103
3990,0.860000014,0.404631883,1,0.003915283,0.930000007,103.0680237
4000,0.870000005,0.437578171,0.980000019,0.016894432,0.970000029,64.05960083
4010,0.899999976,0.464515656,1,0.020764172,0.959999979,39.00496674
4020,0.930000007,0.347832322,1,0.014051276,0.959999979,13.3350687
4030,0.910000026,0.294632256,0.980000019,0.030006621,0.970000029,7.399171829
4040,0.870000005,0.375643462,1,0.012631045,0.930000007,56.97756195
4050,0.860000014,0.478768229,0.980000019,0.019470695,0.99000001,29.64256287
4060,0.930000007,0.384990245,0.99000001,0.02231494,0.949999988,104.3295822
4070,0.889999986,0.351477027,1,0.010827344,0.959999979,33.14855576
4080,0.920000017,0.448326796,0.970000029,0.048202179,0.939999998,152.8157196
4090,0.899999976,0.353141099,1,0.016337791,0.930000007,111.9399796
4100,0.860000014,0.371335059,1,0.028226234,0.939999998,106.5365601
4110,0.850000024,0.401999116,1,0.026555624,1,78.77502441
4120,0.810000002,0.46031785,0.99000001,0.012970158,0.949999988,36.45391464
4130,0.860000014,0.269053817,1,0.034612518,0.959999979,11.06770992
4140,0.850000024,0.665641725,0.99000001,0.031476043,0.949999988,22.86285591
4150,0.860000014,0.473089874,1,0.006265869,0.949999988,50.27272797
4160,0.949999988,0.286898732,1,0.003819627,0.920000017,45.56638336
4170,0.910000026,0.267025411,1,0.009823928,0.99000001,6.915690422
4180,0.870000005,0.284102768,0.99000001,0.013207842,0.930000007,45.53735352
4190,0.889999986,0.344657987,1,0.010740235,0.970000029,43.35039902
4200,0.860000014,0.434589893,0.99000001,0.01912187,0.949999988,58.2578125
4210,0.930000007,0.325227141,0.959999979,0.045623519,0.970000029,26.61921883
4220,0.829999983,0.322768778,1,0.011405326,0.980000019,6.106738091
4230,0.850000024,0.482041925,1,0.005940816,0.959999979,105.7379684
4240,0.910000026,0.509318888,1,0.029947862,0.99000001,32.00355911
4250,0.879999995,0.352790415,1,0.01352255,0.959999979,119.6348419
4260,0.910000026,0.219163716,1,0.040451929,0.970000029,8.589529037
4270,0.860000014,0.413226545,0.970000029,0.020379985,0.959999979,7.230237007
4280,0.790000021,0.524939597,1,0.055321097,0.980000019,85.60152435
4290,0.879999995,0.356349409,0.980000019,0.01983518,0.930000007,91.51953125
4300,0.839999974,0.605981886,0.99000001,0.022949241,0.980000019,31.81259537
4310,0.860000014,0.454503179,1,0.017686283,0.930000007,77.69070435
4320,0.899999976,0.317969292,0.99000001,0.028356109,0.959999979,14.06660843
4330,0.930000007,0.368043929,1,0.011224275,0.959999979,12.64400673
4340,0.839999974,0.50248903,1,0.006102861,0.939999998,86.74937439
4350,0.810000002,0.463876843,1,0.008963852,0.980000019,71.42884827
4360,0.889999986,0.293223619,1,0.025080057,0.949999988,25.43352509
4370,0.819999993,0.297148764,1,0.010378461,0.949999988,41.66976547
4380,0.860000014,0.457356483,0.99000001,0.011480357,0.959999979,129.0522919
4390,0.910000026,0.364038974,1,0.003469585,0.970000029,94.52605438
4400,0.939999998,0.304867566,0.970000029,0.0258231,0.959999979,5.69461441
4410,0.850000024,0.351002425,1,0.00493238,0.939999998,115.0835571
4420,0.899999976,0.358809978,1,0.011227306,0.939999998,246.2021942
4430,0.870000005,0.45053646,0.99000001,0.011423558,0.980000019,40.19342422
4440,0.920000017,0.313496411,1,0.021144342,0.970000029,8.078287125
4450,0.899999976,0.4406268,1,0.03536376,0.939999998,65.13261414
4460,0.850000024,0.438934356,0.980000019,0.012521496,0.980000019,0
4470,0.899999976,0.428371608,1,0.006311002,0.980000019,58.96589661
4480,0.889999986,0.262095571,1,0.029518321,0.959999979,35.68673325
4490,0.889999986,0.272463024,1,0.007579043,0.930000007,60.4607048
4500,0.870000005,0.550286472,1,0.009098786,0.970000029,59.32202148
4510,0.920000017,0.291236907,0.99000001,0.03364709,0.970000029,124.3719559
4520,0.889999986,0.355214119,1,0.018902069,0.959999979,6.673112869
4530,0.899999976,0.308904558,0.980000019,0.014243589,0.99000001,68.51654053
4540,0.850000024,0.411324531,1,0.038391303,0.99000001,56.25624847
4550,0.920000017,0.364202857,1,0.038974494,0.959999979,14.35763931
4560,0.899999976,0.381051749,1,0.010056908,0.939999998,28.2055645
4570,0.930000007,0.342349917,0.99000001,0.012825454,0.949999988,41.73935699
4580,0.899999976,0.433067322,1,0.008673364,0.970000029,27.17666817
4590,0.860000014,0.444175422,1,0.019713698,0.949999988,42.50177383
4600,0.899999976,0.318589389,1,0.055082284,0.959999979,37.12298203
4610,0.899999976,0.315494716,0.980000019,0.038510241,0.980000019,6.69977951
4620,0.910000026,0.348789871,1,0.004784893,0.970000029,6.20892334
4630,0.920000017,0.403666079,1,0.011704477,0.99000001,13.01946735
4640,0.870000005,0.416241199,1,0.005081767,0.99000001,28.09413147
4650,0.920000017,0.337184519,1,0.016970785,0.939999998,44.93132782
4660,0.910000026,0.355924219,1,0.036602817,0.970000029,35.17086029
4670,0.889999986,0.270726323,1,0.015499988,0.980000019,0
4680,0.870000005,0.335355639,0.99000001,0.004658935,0.959999979,45.55008698
4690,0.800000012,0.377492458,1,0.024766255,0.959999979,15.8415699
4700,0.889999986,0.387605965,1,0.005406393,0.949999988,7.999696255
4710,0.910000026,0.316638231,0.99000001,0.002715419,0.959999979,49.95645905
4720,0.939999998,0.316807389,0.99000001,0.013406801,0.970000029,15.79792404
4730,0.920000017,0.390022278,0.99000001,0.028751235,0.959999979,98.75596619
4740,0.910000026,0.357716948,0.99000001,0.014059355,0.930000007,78.78126526
4750,0.920000017,0.341208279,1,0.018601825,0.959999979,49.57489777
4760,0.949999988,0.26881972,1,0.033418428,0.970000029,7.37315321
4770,0.879999995,0.343937486,1,0.01001833,0.970000029,17.32625008
4780,0.920000017,0.322192907,1,0.016694415,0.949999988,35.85577011
4790,0.839999974,0.487772286,1,0.022332495,0.959999979,46.00323105
4800,0.870000005,0.300254464,1,0.007281965,0.930000007,23.00725746
4810,0.870000005,0.365210414,0.99000001,0.060661379,0.980000019,11.64962864
4820,0.870000005,0.441423059,0.99000001,0.023128964,0.970000029,52.28680801
4830,0.860000014,0.350324482,0.99000001,0.015739461,0.939999998,25.48227119
4840,0.829999983,0.458478898,1,0.015364915,0.959999979,113.9759216
4850,0.959999979,0.260020494,1,0.004833057,0.970000029,9.704453468
4860,0.870000005,0.503414094,0.99000001,0.018903779,0.959999979,31.43931389
4870,0.889999986,0.345252723,1,0.018067213,0.99000001,0
4880,0.879999995,0.240981936,1,0.013764336,0.949999988,25.7367878
4890,0.839999974,0.411135644,0.99000001,0.023594391,1,0
4900,0.889999986,0.216769606,0.99000001,0.003943139,0.970000029,47.97135925
4910,0.879999995,0.410582155,0.99000001,0.016995415,0.949999988,11.18480301
4920,0.829999983,0.276577502,0.99000001,0.004518002,0.959999979,32.39180756
4930,0.860000014,0.448167562,1,0.044805225,0.99000001,22.23137283
4940,0.860000014,0.424017251,0.980000019,0.074714698,0.939999998,166.2604828
4950,0.870000005,0.303182364,0.99000001,0.007958093,0.949999988,77.53218079
4960,0.879999995,0.278588325,0.99000001,0.019968072,0.980000019,0.225976557
4970,0.889999986,0.266416371,0.980000019,0.025033167,0.980000019,36.44953156
4980,0.889999986,0.45828709,0.99000001,0.005361866,0.949999988,20.85412788
4990,0.839999974,0.374724805,1,0.018429434,0.949999988,2.11087513
5000,0.870000005,0.61240077,1,0.019548675,0.949999988,6.951791286
5010,0.879999995,0.462530285,1,0.040661249,0.939999998,9.225053787
5020,0.889999986,0.251892745,1,0.018807469,0.970000029,208.0139008
5030,0.889999986,0.318916082,1,0.011190667,0.970000029,13.62179184
5040,0.870000005,0.338923097,1,0.005771504,0.939999998,121.632576
5050,0.850000024,0.401750207,1,0.00928585,0.99000001,21.93730545
5060,0.819999993,0.541763544,0.99000001,0.011167689,0.970000029,20.84354782
5070,0.910000026,0.213078424,1,0.014805097,0.970000029,84.05360413
5080,0.939999998,0.241664127,0.99000001,0.019650865,0.939999998,88.05861664
5090,0.930000007,0.267606109,1,0.011360437,0.99000001,57.95790863
5100,0.889999986,0.428408474,1,0.007184305,0.959999979,34.51075745
5110,0.910000026,0.365501434,1,0.00528307,1,14.9793787
5120,0.899999976,0.287383378,0.99000001,0.004972881,0.949999988,2.187330723
5130,0.879999995,0.291824311,0.99000001,0.012276333,0.949999988,62.89571762
5140,0.889999986,0.271400899,1,0.019419376,0.939999998,156.53479
5150,0.889999986,0.250480443,0.99000001,0.031172013,0.949999988,33.89421844
5160,0.899999976,0.34715721,0.99000001,0.023929784,0.949999988,51.06772614
5170,0.879999995,0.360782504,0.99000001,0.031651009,0.970000029,71.52696228
5180,0.920000017,0.243663803,0.99000001,0.012699997,0.949999988,39.58792496
5190,0.889999986,0.24905102,1,0.001704487,0.949999988,97.98550415
5200,0.920000017,0.308422357,0.99000001,0.00986497,0.959999979,47.77671051
5210,0.879999995,0.406789958,1,0.004612922,0.959999979,14.53229523
5220,0.939999998,0.255138516,1,0.017675539,0.930000007,41.98262787
5230,0.860000014,0.35963887,1,0.006412285,0.910000026,51.72412491
5240,0.870000005,0.29585439,1,0.021603012,0.930000007,53.73823166
5250,0.819999993,0.580644608,0.99000001,0.010200208,0.970000029,17.74145317
5260,0.889999986,0.282848477,0.99000001,0.025684193,0.949999988,29.08666039
5270,0.839999974,0.344855338,1,0.026497738,0.970000029,39.38922501
5280,0.850000024,0.279884964,1,0.009126116,0.970000029,15.29780769
5290,0.920000017,0.371437907,1,0.02338301,0.959999979,38.28302383
5300,0.860000014,0.435880303,0.99000001,0.006365987,0.889999986,31.47885895
5310,0.870000005,0.556437194,0.99000001,0.049275484,0.970000029,8.806779861
5320,0.939999998,0.246738553,1,0.008134406,0.970000029,0.164357305
5330,0.930000007,0.329965979,0.99000001,0.029321166,0.980000019,28.19312668
5340,0.910000026,0.342257589,1,0.019768219,0.949999988,56.61262512
5350,0.860000014,0.366541028,1,0.015269742,0.959999979,68.34698486
5360,0.879999995,0.332477421,1,0.026993623,0.970000029,47.33970642
5370,0.879999995,0.440456748,1,0.020173935,0.949999988,48.72130966
5380,0.899999976,0.377221256,1,0.007482419,0.949999988,61.98386765
5390,0.920000017,0.278400719,1,0.010766315,0.980000019,93.90636444
5400,0.879999995,0.37964347,0.99000001,0.009657356,0.970000029,40.21414566
5410,0.879999995,0.329236627,1,0.043895096,0.949999988,5.689838886
5420,0.889999986,0.405887067,1,0.034637846,0.970000029,26.99952888
5430,0.819999993,0.486695975,1,0.020630788,0.920000017,37.314785
5440,0.800000012,0.366465688,1,0.014868769,0.970000029,26.87181664
5450,0.860000014,0.340513885,1,0.016760401,0.939999998,81.60132599
5460,0.860000014,0.30896014,0.99000001,0.017309608,0.980000019,34.76240158
5470,0.920000017,0.338044763,0.99000001,0.02975224,0.970000029,5.693945885
5480,0.839999974,0.318694085,0.99000001,0.006551047,0.930000007,25.60934258
5490,0.920000017,0.216505095,0.980000019,0.017230002,0.959999979,57.94672012
5500,0.819999993,0.355657399,1,0.009319666,0.949999988,39.06100464
5510,0.930000007,0.241615087,0.99000001,0.023839006,0.980000019,29.39064026
5520,0.910000026,0.325481445,1,0.009239091,0.949999988,69.31182861
5530,0.829999983,0.296375126,0.99000001,0.006522998,0.939999998,19.03996277
5540,0.870000005,0.411390007,1,0.021515099,0.949999988,76.94067383
5550,0.879999995,0.300190568,1,0.0080946,0.980000019,25.50279236
5560,0.889999986,0.369022131,0.99000001,0.00464143,0.959999979,4.547641754
5570,0.889999986,0.352065474,0.99000001,0.004475286,0.930000007,7.658929348
5580,0.930000007,0.337253273,0.99000001,0.005760131,0.970000029,56.0196991
5590,0.889999986,0.332888156,1,0.005495988,0.99000001,3.198019505
5600,0.899999976,0.324456662,1,0.00922706,0.99000001,16.60723686
5610,0.850000024,0.536302745,1,0.006958781,0.949999988,18.23374176
5620,0.899999976,0.31534493,0.99000001,0.024687817,1,34.48859787
5630,0.899999976,0.238196909,0.99000001,0.026637321,0.980000019,15.35792923
5640,0.899999976,0.303115696,1,0.006474629,0.970000029,29.9390583
5650,0.899999976,0.352474332,1,0.007405977,0.970000029,71.27796936
5660,0.910000026,0.332462668,1,0.007283053,0.970000029,24.10654449
5670,0.920000017,0.350521088,1,0.004610368,0.980000019,12.35563278
5680,0.870000005,0.292397857,1,0.008219457,0.980000019,5.956705093
5690,0.939999998,0.434056371,1,0.013816338,0.939999998,46.07243729
5700,0.910000026,0.284014821,1,0.00446011,0.970000029,3.27908206
5710,0.860000014,0.42103976,1,0.027528403,0.970000029,29.80346107
5720,0.920000017,0.366819412,0.99000001,0.002497268,0.959999979,11.81957436
5730,0.879999995,0.373900712,1,0.0171941,0.970000029,12.21408463
5740,0.870000005,0.413763404,1,0.010410624,0.980000019,5.402653694
5750,0.879999995,0.44984436,1,0.002780651,0.949999988,29.99896049
5760,0.879999995,0.340405852,0.980000019,0.022449734,0.970000029,32.11577988
5770,0.920000017,0.272562385,1,0.020421363,0.980000019,0.476513684
5780,0.889999986,0.399437368,1,0.023539489,0.980000019,17.14284706
5790,0.889999986,0.256395161,1,0.005881695,0.939999998,85.68058777
5800,0.879999995,0.398637354,0.970000029,0.010636861,0.970000029,21.2021389
5810,0.889999986,0.429090649,1,0.007936116,0.939999998,35.91751862
5820,0.850000024,0.46657601,0.99000001,0.075315356,0.939999998,34.77241898
5830,0.850000024,0.267318785,0.99000001,0.007271488,0.970000029,4.529072285
5840,0.879999995,0.399948359,0.99000001,0.007624903,0.959999979,18.9845047
5850,0.920000017,0.283129573,1,0.00833489,0.939999998,22.57426453
5860,0.910000026,0.416638553,1,0.012596178,0.959999979,67.3560257
5870,0.920000017,0.343221545,1,0.025354678,0.910000026,17.70980263
5880,0.899999976,0.50927943,1,0.008125135,0.980000019,3.235739708
5890,0.879999995,0.377290696,1,0.052204505,0.970000029,4.593244553
5900,0.829999983,0.372055739,1,0.011587824,0.99000001,14.14071751
5910,0.930000007,0.322362214,0.99000001,0.013480918,0.980000019,0.312255859
5920,0.879999995,0.308255285,1,0.011416822,0.970000029,20.39616013
5930,0.939999998,0.199477896,0.980000019,0.0154963,0.949999988,8.416152
5940,0.930000007,0.258820206,1,0.003988145,0.970000029,53.69244766
5950,0.899999976,0.284917116,0.980000019,0.029898798,0.970000029,12.19476032
5960,0.879999995,0.296588421,1,0.03483399,0.99000001,9.214289665
5970,0.879999995,0.247580871,1,0.005770805,0.980000019,103.6771698
5980,0.899999976,0.327431172,1,0.001878555,0.939999998,4.116201401
5990,0.879999995,0.35239625,0.99000001,0.070521533,0.939999998,20.94790268
6000,0.930000007,0.244256645,1,0.011371735,0.939999998,53.87258148
6010,0.899999976,0.354552686,1,0.031809174,0.949999988,40.76940536
6020,0.889999986,0.251934201,0.99000001,0.025477888,0.939999998,56.14955139
6030,0.920000017,0.465504915,1,0.017358785,0.980000019,5.977502346
6040,0.920000017,0.413077086,1,0.012558485,0.959999979,16.82353973
6050,0.930000007,0.291408032,0.980000019,0.017617797,0.980000019,12.94215679
6060,0.879999995,0.240182623,1,0.017319711,0.949999988,85.75854492
6070,0.879999995,0.366724849,1,0.007890786,0.939999998,35.20027542
6080,0.920000017,0.417948872,1,0.014751852,0.920000017,9.722316742
6090,0.910000026,0.310282856,0.99000001,0.005618893,0.980000019,10.03743076
6100,0.879999995,0.422489434,1,0.002202885,0.970000029,71.31137085
6110,0.810000002,0.397188902,0.99000001,0.031385712,0.99000001,11.27995872
6120,0.920000017,0.262165397,0.99000001,0.006329864,0.939999998,74.92931366
6130,0.920000017,0.235475898,1,0.003872645,0.970000029,14.19563961
6140,0.839999974,0.284165442,1,0.021564685,0.910000026,59.11036301
6150,0.879999995,0.32607919,1,0.006159678,0.980000019,15.10404301
6160,0.870000005,0.490555048,1,0.011349136,0.980000019,4.538160324
6170,0.879999995,0.263132423,0.99000001,0.008110054,0.949999988,49.24737167
6180,0.870000005,0.402283013,1,0.012356976,0.949999988,66.08579254
6190,0.829999983,0.329145581,0.980000019,0.009887395,0.970000029,20.3463192
6200,0.850000024,0.462278366,1,0.00618663,0.980000019,10.91141605
6210,0.899999976,0.19722718,0.99000001,0.030918874,0.959999979,22.23348618
6220,0.899999976,0.257185102,1,0.006797329,0.959999979,37.00081253
6230,0.839999974,0.315345675,0.99000001,0.034552503,0.970000029,23.63022614
6240,0.879999995,0.347989202,0.99000001,0.02939846,0.970000029,7.580346584
6250,0.879999995,0.439131588,1,0.024222618,0.99000001,3.956140757
6260,0.899999976,0.418140709,0.99000001,0.008652048,0.949999988,20.14380836
6270,0.870000005,0.423510522,0.99000001,0.014448761,0.930000007,37.77479172
6280,0.879999995,0.268729806,0.99000001,0.019752547,0.980000019,34.86909485
6290,0.910000026,0.23312825,1,0.009691729,0.959999979,10.55189228
6300,0.889999986,0.338000208,1,0.003022325,0.939999998,30.21595001
6310,0.850000024,0.438436061,0.99000001,0.006738683,0.959999979,72.55667114
6320,0.930000007,0.262054324,1,0.022869496,0.99000001,13.51737309
6330,0.889999986,0.281338811,0.980000019,0.010037222,0.949999988,108.5035934
6340,0.930000007,0.294023842,1,0.010632813,0.959999979,22.98451233
6350,0.899999976,0.344034374,0.99000001,0.010003477,0.980000019,0
6360,0.850000024,0.332735896,1,0.025953336,0.980000019,0.010989165
6370,0.870000005,0.280563146,0.99000001,0.007155961,0.970000029,15.26607323
6380,0.829999983,0.355457455,1,0.019480942,0.949999988,46.70715332
6390,0.870000005,0.200044155,1,0.00846541,1,26.55080032
6400,0.850000024,0.404552847,0.99000001,0.01888046,0.99000001,13.86129379
6410,0.889999986,0.363385379,1,0.012065997,0.980000019,4.443823338
6420,0.899999976,0.223249078,1,0.012968493,0.99000001,15.53591347
6430,0.910000026,0.286418319,1,0.014631141,0.970000029,15.40206623
6440,0.850000024,0.39153558,1,0.003254547,0.980000019,5.706756592
6450,0.920000017,0.315978259,1,0.010262096,0.980000019,26.54800224
6460,0.920000017,0.29674384,1,0.020112796,0.949999988,41.88098526
6470,0.870000005,0.451824874,1,0.008454413,0.949999988,11.77296638
6480,0.829999983,0.291470855,1,0.018626098,0.99000001,0
6490,0.889999986,0.244770244,1,0.009919421,0.99000001,8.935403824
6500,0.889999986,0.27168268,1,0.019034643,0.949999988,49.58522797
6510,0.879999995,0.260457277,1,0.003808591,0.980000019,16.26373672
6520,0.930000007,0.433687598,0.99000001,0.001370355,0.949999988,35.24718857
6530,0.870000005,0.337639511,0.99000001,0.008536316,0.980000019,53.41555786
6540,0.949999988,0.228506863,0.99000001,0.039529014,0.970000029,6.619591713
6550,0.920000017,0.312356889,1,0.007556058,0.949999988,37.35931015
6560,0.850000024,0.188972086,1,0.01754728,1,39.76678085
6570,0.930000007,0.345740557,1,0.007433678,0.970000029,2.534478426
6580,0.899999976,0.262879491,0.980000019,0.031278878,0.970000029,23.41280937
6590,0.910000026,0.384912908,1,0.020036431,0.99000001,71.52642059
6600,0.889999986,0.356170416,0.970000029,0.006100782,0.970000029,20.17148781
6610,0.889999986,0.401831448,1,0.012339785,0.970000029,55.94485474
6620,0.930000007,0.269914538,0.99000001,0.019505791,0.949999988,31.80234909
6630,0.899999976,0.403621644,1,0.008973794,0.939999998,28.09018707
6640,0.939999998,0.300223947,0.99000001,0.005364554,0.959999979,120.7203827
6650,0.879999995,0.413900495,1,0.002291736,0.959999979,28.93911552
6660,0.910000026,0.215651333,1,0.011869675,0.99000001,1.181655288
6670,0.870000005,0.420823276,0.99000001,0.036572188,0.949999988,28.33737564
6680,0.860000014,0.4047831,1,0.020742415,0.939999998,47.39289093
6690,0.910000026,0.317044795,1,0.047157496,0.920000017,26.82579613
6700,0.839999974,0.393869907,1,0.006666971,0.959999979,31.45642662
6710,0.910000026,0.29991591,1,0.009615872,0.980000019,36.73131943
6720,0.910000026,0.261454225,1,0.020036194,0.970000029,19.18873024
6730,0.930000007,0.228823677,1,0.008400904,0.980000019,33.55591965
6740,0.910000026,0.297740102,1,0.007760742,0.949999988,47.53358078
6750,0.910000026,0.296452135,1,0.004119748,0.949999988,29.90683556
6760,0.889999986,0.283261716,0.99000001,0.013097538,0.980000019,0
6770,0.930000007,0.330593884,1,0.003267777,0.99000001,28.83329773
6780,0.930000007,0.236965865,1,0.011526839,0.959999979,33.93884277
6790,0.879999995,0.302457958,0.99000001,0.011477716,0.980000019,30.11479568
6800,0.899999976,0.263637155,1,0.014615007,0.99000001,25.23640633
6810,0.920000017,0.200817525,1,0.005400784,0.970000029,0
6820,0.870000005,0.246738717,0.99000001,0.029026605,0.980000019,39.23297501
6830,0.879999995,0.271759361,0.980000019,0.024343306,0.970000029,38.03063965
6840,0.930000007,0.189688697,1,0.015047547,0.949999988,14.02415085
6850,0.850000024,0.444583535,0.980000019,0.00364411,0.970000029,43.50827026
6860,0.920000017,0.408764392,0.99000001,0.005070024,0.959999979,0.77953124
6870,0.860000014,0.505247474,1,0.004837068,0.920000017,16.02254868
6880,0.850000024,0.216746032,1,0.0012886,0.99000001,10.97078133
6890,0.910000026,0.310116112,1,0.034771517,0.959999979,19.96243858
6900,0.949999988,0.26456067,0.99000001,0.008490738,0.99000001,16.3155632
6910,0.920000017,0.360549659,0.99000001,0.021624574,0.970000029,3.435189724
6920,0.839999974,0.411299556,0.99000001,0.02530081,0.99000001,6.522949696
6930,0.800000012,0.43166554,1,0.01551727,0.970000029,17.48042679
6940,0.930000007,0.393942565,1,0.007305213,0.980000019,38.11135101
6950,0.889999986,0.312712044,0.99000001,0.034286965,0.959999979,23.08551979
6960,0.860000014,0.366398931,1,0.012615792,0.980000019,16.10502052
6970,0.920000017,0.33170861,0.980000019,0.018707376,0.970000029,26.4376564
6980,0.870000005,0.297683418,0.99000001,0.014029429,0.949999988,12.2286911
6990,0.910000026,0.372305334,0.99000001,0.010234517,0.970000029,37.26815033
7000,0.819999993,0.455917478,0.99000001,0.009618618,0.970000029,37.57567215
7010,0.959999979,0.175996438,1,0.002811793,0.949999988,23.01097488
7020,0.870000005,0.648605406,1,0.06034378,0.980000019,53.69253922
7030,0.889999986,0.420501143,1,0.017877955,0.959999979,49.403759
7040,0.930000007,0.272856355,0.99000001,0.006735106,0.959999979,42.87745285
7050,0.910000026,0.300739259,1,0.015844053,0.970000029,10.92892933
7060,0.939999998,0.235887304,0.99000001,0.015832528,1,1.350263715
7070,0.910000026,0.391609311,1,0.007063429,0.959999979,36.84414673
7080,0.879999995,0.40194115,0.99000001,0.011207218,0.970000029,22.99852943
7090,0.860000014,0.420675308,0.99000001,0.010209723,0.970000029,132.0283203
7100,0.910000026,0.338155717,0.99000001,0.020679293,0.970000029,32.94688416
7110,0.829999983,0.331723064,0.99000001,0.015542116,0.970000029,42.56471252
7120,0.910000026,0.491679579,0.99000001,0.009199609,0.99000001,48.07303238
7130,0.939999998,0.469007671,0.99000001,0.017342543,0.980000019,0
7140,0.959999979,0.214462534,1,0.018564777,0.930000007,88.84432983
7150,0.860000014,0.455876946,0.980000019,0.031798702,0.980000019,19.2246685
7160,0.899999976,0.37047267,1,0.014319497,0.980000019,16.71266556
7170,0.920000017,0.31641537,1,0.026581965,0.99000001,9.562356949
7180,0.910000026,0.243086621,1,0.04508375,0.959999979,38.83271027
7190,0.899999976,0.322906226,1,0.004454824,0.970000029,31.17182922
7200,0.829999983,0.280497968,1,0.008595907,1,20.80870056
7210,0.910000026,0.267838061,1,0.026275402,0.980000019,11.64164543
7220,0.870000005,0.32381016,1,0.011650519,0.959999979,1.690920353
7230,0.889999986,0.274076849,1,0.011512078,0.980000019,22.48596764
7240,0.879999995,0.254609495,0.99000001,0.014254707,0.949999988,51.53715897
7250,0.889999986,0.35232982,0.99000001,0.011511112,1,4.932198524
7260,0.910000026,0.335381538,1,0.004860492,0.970000029,15.90678215
7270,0.910000026,0.210953102,1,0.02286642,0.939999998,9.864326477
7280,0.889999986,0.291104764,1,0.008194113,0.99000001,13.85761642
7290,0.910000026,0.307880372,0.99000001,0.009447693,0.99000001,39.93785858
7300,0.860000014,0.40255931,1,0.028187905,0.980000019,12.38831997
7310,0.959999979,0.304342389,0.99000001,0.023670696,0.949999988,0.000275212
7320,0.899999976,0.243880227,1,0.01109099,0.949999988,16.71685028
7330,0.860000014,0.270946622,1,0.011269676,0.939999998,75.01940155
7340,0.939999998,0.229283616,1,0.00587637,0.970000029,8.416137695
7350,0.910000026,0.336523861,1,0.046292406,0.980000019,31.65158844
7360,0.879999995,0.235672593,1,0.010067786,0.959999979,26.83646393
7370,0.879999995,0.309543759,0.99000001,0.036425613,0.959999979,85.17739105
7380,0.899999976,0.212305203,0.99000001,0.015007867,0.99000001,14.60681725
7390,0.870000005,0.266456723,1,0.010627351,0.980000019,0
7400,0.939999998,0.211426064,1,0.03022261,0.980000019,25.60389137
7410,0.930000007,0.236962914,1,0.011333614,0.980000019,43.83417892
7420,0.899999976,0.473298222,1,0.011477917,0.910000026,40.62952805
7430,0.889999986,0.281354189,0.99000001,0.004271571,0.980000019,6.992268562
7440,0.879999995,0.416825533,0.99000001,0.011647143,0.980000019,32.9001236
7450,0.920000017,0.37460494,0.99000001,0.00674329,0.930000007,48.66693497
7460,0.870000005,0.413262784,1,0.003747549,0.959999979,44.35899353
7470,0.920000017,0.207797736,1,0.009302395,0.970000029,40.02904892
7480,0.910000026,0.243723303,0.99000001,0.004364264,0.949999988,9.104423523
7490,0.899999976,0.390866369,1,0.003916647,0.949999988,15.23081779
7500,0.889999986,0.333295643,1,0.003041123,0.939999998,10.83571243
7510,0.910000026,0.333196789,0.99000001,0.026936805,0.980000019,0
7520,0.870000005,0.375609249,0.99000001,0.012803534,0.949999988,20.45778275
7530,0.899999976,0.302470297,1,0.019669501,0.959999979,48.23161316
7540,0.899999976,0.404640466,1,0.009670246,0.959999979,24.63847733
7550,0.899999976,0.300510168,0.980000019,0.008012393,0.980000019,26.09472084
7560,0.879999995,0.347270101,1,0.054584958,0.980000019,12.14198494
7570,0.949999988,0.271370322,0.99000001,0.002686713,0.99000001,0.790079355
7580,0.889999986,0.262193948,1,0.068114355,0.980000019,33.35066223
7590,0.939999998,0.26420489,1,0.030721517,0.980000019,4.209797382
7600,0.920000017,0.367366612,1,0.001516606,0.980000019,9.751667976
7610,0.930000007,0.353680223,0.99000001,0.017824903,0.980000019,19.25651932
7620,0.920000017,0.283027798,1,0.012595082,0.99000001,0
7630,0.899999976,0.378084719,1,0.004719188,0.959999979,34.78671265
7640,0.939999998,0.26824677,0.99000001,0.029251901,0.99000001,6.735166073
7650,0.910000026,0.276549101,0.99000001,0.066567667,0.970000029,11.63641453
7660,0.879999995,0.318674266,0.99000001,0.02045328,0.980000019,18.4802227
7670,0.930000007,0.358100176,1,0.009473417,0.99000001,0.748144507
7680,0.889999986,0.320470631,0.99000001,0.00438491,0.949999988,2.014087439
7690,0.910000026,0.250713646,0.980000019,0.004721841,0.949999988,6.026690483
7700,0.959999979,0.159387708,1,0.016662864,0.930000007,27.17494965
7710,0.930000007,0.286806762,1,0.011119318,0.970000029,43.28777695
7720,0.910000026,0.463176429,1,0.01763108,0.949999988,43.30836868
7730,0.930000007,0.215856433,1,0.017839208,0.930000007,167.1299744
7740,0.870000005,0.415168464,1,0.013671654,0.959999979,21.57657051
7750,0.899999976,0.398345381,1,0.01627836,0.99000001,25.86126518
7760,0.870000005,0.575761855,1,0.016041284,0.959999979,77.98445129
7770,0.879999995,0.332204431,1,0.012361255,0.99000001,1.849224806
7780,0.879999995,0.374564886,1,0.003726336,0.939999998,50.02488327
7790,0.910000026,0.280553132,1,0.009980949,0.930000007,35.35029602
7800,0.980000019,0.184304118,1,0.073128499,0.980000019,18.77426529
7810,0.870000005,0.429962844,1,0.01791086,0.959999979,43.22187805
7820,0.860000014,0.381436467,0.970000029,0.019588064,0.980000019,8.205886841
7830,0.879999995,0.213755891,1,0.001298526,0.959999979,4.419790268
7840,0.879999995,0.390925527,0.99000001,0.019188203,0.949999988,3.786820412
7850,0.910000026,0.198673204,1,0.007986582,0.939999998,21.9653492
7860,0.850000024,0.314824373,1,0.004942754,0.959999979,50.73728561
7870,0.889999986,0.22308287,0.980000019,0.042346727,0.959999979,0
7880,0.910000026,0.178473279,0.99000001,0.027705533,0.949999988,16.39855003
7890,0.920000017,0.209606916,1,0.020391135,0.99000001,27.52387619
7900,0.920000017,0.240826905,1,0.003573766,0.949999988,12.48273087
7910,0.970000029,0.17146568,1,0.015053191,0.980000019,4.0315485
7920,0.850000024,0.349412918,1,0.006994492,0.980000019,1.94E-07
7930,0.899999976,0.263376147,1,0.014514131,0.970000029,0.292959005
7940,0.879999995,0.346572608,1,0.026841486,1,20.33104515
7950,0.910000026,0.256253541,0.99000001,0.004607484,0.970000029,0
7960,0.860000014,0.499203712,0.99000001,0.034281604,0.970000029,36.14458847
7970,0.920000017,0.257244289,1,0.010148554,0.959999979,39.40124893
7980,0.910000026,0.116785787,1,0.008231044,0.970000029,0
7990,0.920000017,0.264291108,1,0.01180515,0.970000029,50.07479477
8000,0.959999979,0.294843197,1,0.006584687,0.949999988,41.65963364
8010,0.920000017,0.312022716,1,0.003659868,0.959999979,27.09620094
8020,0.939999998,0.25239709,0.99000001,0.030127967,0.949999988,31.55191422
8030,0.910000026,0.394303501,1,0.014030213,0.959999979,12.94658566
8040,0.920000017,0.12060231,0.99000001,0.01342215,0.949999988,20.86522484
8050,0.920000017,0.175123215,0.980000019,0.006564001,0.99000001,0
8060,0.899999976,0.257570446,1,0.003772495,0.970000029,0
8070,0.879999995,0.327180088,1,0.008912089,0.980000019,0.979316413
8080,0.850000024,0.395621419,1,0.019843131,0.959999979,25.60658264
8090,0.889999986,0.382276505,1,0.006042945,0.939999998,35.2625885
8100,0.920000017,0.173822269,1,0.001494854,0.99000001,3.834892511
8110,0.889999986,0.307813257,1,0.036716755,0.980000019,26.22948647
8120,0.910000026,0.235472798,0.99000001,0.037228901,0.980000019,11.5769186
8130,0.910000026,0.295164198,0.99000001,0.030360704,0.980000019,7.678312778
8140,0.889999986,0.261580229,1,0.021696985,0.939999998,42.28585052
8150,0.930000007,0.28410238,0.99000001,0.012575158,0.949999988,15.15306187
8160,0.920000017,0.377900124,0.99000001,0.010579568,0.949999988,47.34844589
8170,0.899999976,0.325059474,1,0.008524268,0.99000001,7.520370007
8180,0.939999998,0.344898194,1,0.004030682,0.930000007,13.81915569
8190,0.959999979,0.301079363,1,0.001497784,0.949999988,5.185845852
8200,0.920000017,0.231500894,1,0.023346273,0.970000029,13.23443508
8210,0.879999995,0.253409773,1,0.026352799,0.99000001,10.50875759
8220,0.930000007,0.320903867,0.980000019,0.035383627,0.970000029,11.74354935
8230,0.930000007,0.244869307,0.99000001,0.01937139,0.980000019,14.73006821
8240,0.899999976,0.472799569,1,0.006216844,1,1.043701172
8250,0.970000029,0.167726368,1,0.023811476,1,18.65478706
8260,0.879999995,0.252635151,1,0.001686667,1,5.229902267
8270,0.910000026,0.28599143,1,0.005609206,1,5.180204868
8280,0.949999988,0.330601096,1,0.005925492,0.970000029,34.86952972
8290,0.930000007,0.235341877,1,0.00441829,0.970000029,79.83890533
8300,0.910000026,0.356114268,0.99000001,0.006173274,0.949999988,28.53139496
8310,0.939999998,0.204561144,1,0.019054763,0.970000029,55.72405624
8320,0.910000026,0.282496482,0.99000001,0.008564373,0.99000001,4.501047134
8330,0.949999988,0.162227705,1,0.009923942,0.99000001,5.912748814
8340,0.910000026,0.259617478,1,0.003954404,0.970000029,0.797616959
8350,0.920000017,0.288459569,1,0.003242317,0.970000029,29.85461617
8360,0.930000007,0.253104061,1,0.002980292,0.970000029,40.10945892
8370,0.930000007,0.173111707,0.99000001,0.006895808,1,3.245461464
8380,0.899999976,0.333709121,0.99000001,0.006850965,0.949999988,4.31565237
8390,0.949999988,0.244101599,1,0.014398706,0.99000001,28.90967369
8400,0.930000007,0.256889522,1,0.016536703,0.959999979,20.84899139
8410,0.899999976,0.236942887,0.99000001,0.005276604,0.970000029,8.58688736
8420,0.829999983,0.494437933,0.99000001,0.013236613,0.970000029,22.10052681
8430,0.889999986,0.223415568,1,0.001938663,0.99000001,0
8440,0.930000007,0.267787218,1,0.007716755,0.959999979,57.08644485
8450,0.920000017,0.264614075,1,0.002475535,0.970000029,94.80095673
8460,0.879999995,0.226477712,0.99000001,0.017580805,0.99000001,12.15221214
8470,0.930000007,0.24596636,1,0.03497903,0.970000029,39.5184288
8480,0.870000005,0.319787592,0.99000001,0.024203079,0.99000001,14.82901382
8490,0.920000017,0.275975108,1,0.010581946,0.949999988,36.33034134
8500,0.920000017,0.338923901,1,0.010296898,0.949999988,34.45886993
8510,0.970000029,0.164556101,0.99000001,0.010150572,0.970000029,15.78052521
8520,0.949999988,0.199692607,1,0.002825363,0.980000019,1.243730426
8530,0.939999998,0.321828455,1,0.003212894,0.949999988,42.07713699
8540,0.930000007,0.214693412,1,0.015251427,0.99000001,0
8550,0.910000026,0.320236355,0.99000001,0.030894376,0.949999988,4.815268517
8560,0.949999988,0.247564986,1,0.004038994,0.980000019,72.34933472
8570,0.949999988,0.211761281,1,0.004480585,0.959999979,43.02684021
8580,0.879999995,0.261680037,1,0.00890005,0.949999988,28.49445343
8590,0.860000014,0.386785597,0.99000001,0.027413614,0.99000001,8.533163071
8600,0.920000017,0.188832238,1,0.005837694,0.99000001,5.31524086
8610,0.939999998,0.216569617,1,0.004153691,0.970000029,35.26130295
8620,0.920000017,0.305717379,1,0.025581582,0.99000001,6.648701191
8630,0.910000026,0.258936197,1,0.004310871,0.939999998,20.65845871
8640,0.930000007,0.303651631,1,0.03048104,0.959999979,4.442011833
8650,0.899999976,0.422392309,0.99000001,0.008856666,0.99000001,22.31876373
8660,0.829999983,0.285436928,0.99000001,0.012754018,0.980000019,18.10625267
8670,0.899999976,0.326904595,0.99000001,0.008157048,0.99000001,10.59344482
8680,0.889999986,0.365294844,1,0.008562016,0.949999988,18.70376396
8690,0.939999998,0.337983489,0.99000001,0.02350934,0.970000029,6.088465691
8700,0.889999986,0.221984267,1,0.009928647,0.970000029,9.094770432
8710,0.920000017,0.325397134,1,0.001504234,0.959999979,41.16376495
8720,0.910000026,0.32867828,0.99000001,0.010685303,0.949999988,3.35860467
8730,0.949999988,0.147141665,1,0.005504672,0.970000029,28.36287117
8740,0.939999998,0.160715237,0.99000001,0.006651988,0.949999988,1.908388615
8750,0.879999995,0.516026497,1,0.010845765,0.99000001,27.68862343
8760,0.959999979,0.269815505,0.99000001,0.007678442,0.959999979,10.4332056
8770,0.930000007,0.254256576,1,0.013732492,0.970000029,34.30916595
8780,0.949999988,0.195112422,1,0.022585278,0.99000001,5.610146046
8790,0.939999998,0.174498379,1,0.046429239,0.99000001,23.04322815
8800,0.939999998,0.39506942,0.980000019,0.008535412,0.980000019,29.33005524
8810,0.920000017,0.263252437,0.99000001,0.021361401,0.949999988,15.98321247
8820,0.910000026,0.177936748,1,0.015861785,0.99000001,1.814404249
8830,0.949999988,0.316954851,1,0.003602281,0.949999988,3.030019522
8840,0.910000026,0.276987851,1,0.005657909,0.970000029,35.35694504
8850,0.920000017,0.285148263,0.99000001,0.054241702,0.959999979,12.33418369
8860,0.939999998,0.204756662,1,0.017164618,0.980000019,6.642339706
8870,0.899999976,0.273580909,0.959999979,0.010189776,0.970000029,17.37140846
8880,0.930000007,0.197141036,1,0.001361465,0.980000019,13.74732304
8890,0.899999976,0.235462397,0.99000001,0.004748373,0.980000019,10.91303444
8900,0.899999976,0.197302133,1,0.010854546,0.980000019,1.224426389
8910,0.920000017,0.230097771,1,0.005220695,0.980000019,37.9390564
8920,0.910000026,0.204709724,1,0.022340415,0.99000001,4.423837662
8930,0.949999988,0.294429541,0.99000001,0.0114841,0.99000001,3.211557627
8940,0.889999986,0.248439789,1,0.005557433,0.980000019,0.936269522
8950,0.920000017,0.317212701,1,0.003268834,0.970000029,4.701001167
8960,0.939999998,0.18943195,1,0.014090901,0.939999998,30.84846878
8970,0.910000026,0.229940221,1,0.002546863,0.970000029,103.7102737
8980,0.899999976,0.319172919,0.99000001,0.03654436,0.980000019,23.62889481
8990,0.939999998,0.357990831,1,0.028916052,0.939999998,24.75213051
9000,0.949999988,0.275529087,1,0.04022415,0.980000019,3.203964949
9010,0.910000026,0.283344775,0.980000019,0.006827527,0.970000029,4.493916035
9020,0.889999986,0.353107363,1,0.013426336,0.939999998,34.50103378
9030,0.939999998,0.29440558,0.99000001,0.005904521,0.99000001,27.45402908
9040,0.930000007,0.207610801,1,0.03894024,0.980000019,8.046661377
9050,0.920000017,0.212599635,1,0.006216677,1,0
9060,0.910000026,0.282637149,1,0.020569334,1,6.260034084
9070,0.939999998,0.296601772,1,0.028963039,0.959999979,8.221316338
9080,0.939999998,0.355743021,1,0.017656868,0.99000001,12.51983356
9090,0.980000019,0.28588286,0.99000001,0.008791275,0.959999979,11.27113438
9100,0.879999995,0.245440155,1,0.011654684,0.949999988,38.17697906
9110,0.899999976,0.347492874,0.99000001,0.037582681,0.949999988,15.74623775
9120,0.889999986,0.178541273,1,0.005203009,0.959999979,37.74999619
9130,0.930000007,0.163361847,1,0.017606175,0.959999979,53.45814514
9140,0.889999986,0.342517853,1,0.012835966,0.980000019,26.97380447
9150,0.899999976,0.218557104,0.99000001,0.001868197,0.959999979,47.04185104
9160,0.920000017,0.212389275,1,0.005926494,0.980000019,0.001727819
9170,0.860000014,0.313073039,1,0.001760773,0.99000001,2.723488808
9180,0.899999976,0.347121745,0.99000001,0.0043379,0.920000017,2.041035175
9190,0.889999986,0.224917814,0.99000001,0.024806583,0.980000019,12.75830555
9200,0.959999979,0.153786108,1,0.002435529,0.970000029,0.194890201
9210,0.920000017,0.306287497,1,0.001033025,0.939999998,19.18213272
9220,0.910000026,0.333296955,1,0.008642704,0.970000029,7.374676704
9230,0.889999986,0.351167321,1,0.001624027,0.980000019,0
9240,0.939999998,0.238838181,1,0.047774263,0.99000001,130.0567474
9250,0.939999998,0.24946402,1,0.013564008,1,5.470205307
9260,0.910000026,0.153263971,1,0.025345607,0.959999979,19.11211205
9270,0.910000026,0.192909658,1,0.013958289,0.980000019,14.42706585
9280,0.959999979,0.161890462,0.99000001,0.002442615,0.980000019,3.619513035
9290,0.910000026,0.188433349,1,0.00429583,0.99000001,14.13096905
9300,0.910000026,0.338323891,0.99000001,0.019021573,0.980000019,14.60416126
9310,0.910000026,0.628589332,1,0.007960582,0.99000001,5.026887417
9320,0.920000017,0.392776579,1,0.010190888,0.99000001,15.27315998
9330,0.910000026,0.236675411,1,0.002814489,0.970000029,19.18811607
9340,0.910000026,0.257120162,0.99000001,0.01836304,0.980000019,14.069314
9350,0.920000017,0.233933032,1,0.004574914,0.980000019,3.431923866
9360,0.949999988,0.208455265,1,0.009537724,0.959999979,20.9546051
9370,0.930000007,0.250249773,0.99000001,0.020543104,0.939999998,13.80460453
9380,0.930000007,0.221156344,1,0.007303853,0.930000007,53.1816864
9390,0.920000017,0.216954723,1,0.014305935,0.949999988,17.91341972
9400,0.889999986,0.320097893,1,0.006102488,0.980000019,6.468339443
9410,0.920000017,0.26259768,1,0.005419316,0.980000019,19.62349701
9420,0.870000005,0.256144702,1,0.020731628,0.970000029,58.98582077
9430,0.879999995,0.266035169,1,0.004221597,0.959999979,26.1830616
9440,0.939999998,0.29085052,0.99000001,0.01484403,0.99000001,17.2020359
9450,0.949999988,0.263117403,1,0.016683379,0.959999979,29.04223633
9460,0.949999988,0.279448748,1,0.009158312,0.949999988,44.17071152
9470,0.980000019,0.184836134,1,0.004449275,0.99000001,29.16000175
9480,0.899999976,0.19286789,0.99000001,0.046941925,0.99000001,12.88140774
9490,0.930000007,0.359455347,1,0.003364563,0.939999998,42.8575592
9500,0.850000024,0.251807243,0.99000001,0.021613436,0.970000029,6.476171494
9510,0.980000019,0.168589041,1,0.016807668,0.959999979,21.90551758
9520,0.930000007,0.193116307,1,0.002897614,0.970000029,59.20217133
9530,0.899999976,0.327742696,1,0.005621228,0.980000019,34.24489975
9540,0.930000007,0.212917522,0.99000001,0.004626282,0.980000019,21.33440399
9550,0.920000017,0.294206738,0.99000001,0.001510899,0.970000029,4.843127251
9560,0.889999986,0.336670101,0.99000001,0.003050281,0.99000001,79.3994751
9570,0.879999995,0.305917978,1,0.001842403,0.980000019,3.609301805
9580,0.939999998,0.246485323,1,0.016328098,1,1.511914015
9590,0.930000007,0.198294148,1,0.058544125,0.980000019,31.98445892
9600,0.959999979,0.302435905,1,0.007470877,0.970000029,31.37302971
9610,0.930000007,0.135310531,1,0.004663364,0.970000029,2.612071514
9620,0.920000017,0.278653622,1,0.001402281,0.980000019,23.39763641
9630,0.930000007,0.233231619,1,0.006278104,0.959999979,20.05025101
9640,0.930000007,0.14929913,1,0.000236571,0.959999979,12.31678677
9650,0.930000007,0.25499326,1,0.004312416,0.980000019,0
9660,0.860000014,0.458921731,1,0.006652238,0.959999979,17.29558182
9670,0.910000026,0.336476624,1,0.003977166,0.970000029,0
9680,0.850000024,0.33995834,1,0.002080426,0.970000029,18.03135109
9690,0.910000026,0.224455148,0.99000001,0.013942237,0.939999998,26.0185833
9700,0.889999986,0.282242924,0.99000001,0.007713793,0.99000001,34.76986694
9710,0.879999995,0.323728174,1,0.009245109,0.970000029,11.52112293
9720,0.939999998,0.181918293,1,0.00282565,0.959999979,78.98983765
9730,0.870000005,0.346976697,1,0.005852746,0.970000029,3.05723691
9740,0.920000017,0.403123319,1,0.005618656,0.99000001,16.47199821
9750,0.99000001,0.157303259,1,0.010689433,0.939999998,54.99419022
9760,0.949999988,0.311031103,0.99000001,0.01737657,0.980000019,0.381269544
9770,0.939999998,0.235945165,1,0.00389864,0.99000001,28.04604721
9780,0.899999976,0.263945669,1,0.008842631,0.980000019,15.40366077
9790,0.930000007,0.311337352,0.99000001,0.003224676,0.949999988,39.32775879
9800,0.910000026,0.211793885,0.99000001,0.018392541,0.949999988,52.65208054
9810,0.939999998,0.262397587,1,0.003319405,0.959999979,6.722313404
9820,0.970000029,0.234527335,0.99000001,0.018701423,0.980000019,16.54461288
9830,0.910000026,0.326663285,0.99000001,0.005312347,0.959999979,12.29961777
9840,0.910000026,0.279296011,1,0.008058842,0.99000001,6.360424995
9850,0.899999976,0.279271424,1,0.009205817,0.980000019,2.468117714
9860,0.939999998,0.321074069,1,0.006965006,0.959999979,18.4852314
9870,0.930000007,0.160945594,1,0.003588406,0.949999988,7.865117073
9880,0.949999988,0.313905895,1,0.002072647,0.980000019,7.76307869
9890,0.949999988,0.217980102,1,0.022434039,0.980000019,6.532142162
9900,0.949999988,0.157219112,0.99000001,0.008128662,0.980000019,23.1187458
9910,0.920000017,0.285577595,1,0.013809468,0.970000029,6.882088661
9920,0.970000029,0.179642856,1,0.016214853,0.99000001,3.619559288
9930,0.939999998,0.219440416,1,0.029403592,0.949999988,22.68956566
9940,0.910000026,0.178361624,1,0.032229308,0.99000001,5.132064342
9950,0.899999976,0.323345542,1,0.008857281,0.970000029,19.36556244
9960,0.910000026,0.23293218,1,0.00163969,0.959999979,44.07965851
9970,0.939999998,0.338597059,1,0.015217146,0.970000029,35.44066238
9980,0.879999995,0.318531126,0.99000001,0.006475242,0.970000029,19.33008766
9990,0.930000007,0.36736393,1,0.015446157,0.959999979,28.37885284
